{"licenses":[{"name":"","id":0,"url":""}],"info":{"contributor":"","date_created":"","description":"","url":"","version":"","year":""},"categories":[{"id":1,"name":"Trident","supercategory":""}],"images":[{"id":1,"width":1280,"height":720,"file_name":"2022010101312100_s.jpg","license":0,"flickr_url":"","coco_url":"","date_captured":0},{"id":2,"width":1280,"height":720,"file_name":"2022010101312600_s.jpg","license":0,"flickr_url":"","coco_url":"","date_captured":0},{"id":3,"width":1280,"height":720,"file_name":"2022010101312900_s.jpg","license":0,"flickr_url":"","coco_url":"","date_captured":0},{"id":4,"width":1280,"height":720,"file_name":"2022010101313200_s.jpg","license":0,"flickr_url":"","coco_url":"","date_captured":0},{"id":5,"width":1280,"height":720,"file_name":"2022010101335700_s.jpg","license":0,"flickr_url":"","coco_url":"","date_captured":0},{"id":6,"width":1280,"height":720,"file_name":"2022010101335800_s.jpg","license":0,"flickr_url":"","coco_url":"","date_captured":0},{"id":7,"width":1280,"height":720,"file_name":"2022010101335900_s.jpg","license":0,"flickr_url":"","coco_url":"","date_captured":0},{"id":8,"width":1280,"height":720,"file_name":"2022010101340100_s.jpg","license":0,"flickr_url":"","coco_url":"","date_captured":0},{"id":9,"width":1280,"height":720,"file_name":"2022010101342000_s.jpg","license":0,"flickr_url":"","coco_url":"","date_captured":0},{"id":10,"width":1280,"height":720,"file_name":"2022010101342900_s.jpg","license":0,"flickr_url":"","coco_url":"","date_captured":0},{"id":11,"width":1280,"height":720,"file_name":"2022010101343600_s.jpg","license":0,"flickr_url":"","coco_url":"","date_captured":0},{"id":12,"width":1280,"height":720,"file_name":"2022010101361600_s.jpg","license":0,"flickr_url":"","coco_url":"","date_captured":0},{"id":13,"width":1280,"height":720,"file_name":"2022010101361800_s.jpg","license":0,"flickr_url":"","coco_url":"","date_captured":0},{"id":14,"width":1280,"height":720,"file_name":"2022010101362600_s.jpg","license":0,"flickr_url":"","coco_url":"","date_captured":0},{"id":15,"width":1280,"height":720,"file_name":"2022010101371300_s.jpg","license":0,"flickr_url":"","coco_url":"","date_captured":0},{"id":16,"width":1280,"height":720,"file_name":"2022010101372300_s.jpg","license":0,"flickr_url":"","coco_url":"","date_captured":0},{"id":17,"width":1280,"height":720,"file_name":"2022010101372301_s.jpg","license":0,"flickr_url":"","coco_url":"","date_captured":0},{"id":18,"width":1280,"height":720,"file_name":"2022010101372400_s.jpg","license":0,"flickr_url":"","coco_url":"","date_captured":0},{"id":19,"width":1280,"height":720,"file_name":"2022010101372500_s.jpg","license":0,"flickr_url":"","coco_url":"","date_captured":0},{"id":20,"width":1280,"height":720,"file_name":"2022010101372900_s.jpg","license":0,"flickr_url":"","coco_url":"","date_captured":0},{"id":21,"width":1280,"height":720,"file_name":"2022010101382800_s.jpg","license":0,"flickr_url":"","coco_url":"","date_captured":0},{"id":22,"width":1280,"height":720,"file_name":"2022010101382900_s.jpg","license":0,"flickr_url":"","coco_url":"","date_captured":0},{"id":23,"width":1280,"height":720,"file_name":"2022010101383100_s.jpg","license":0,"flickr_url":"","coco_url":"","date_captured":0},{"id":24,"width":1280,"height":720,"file_name":"2022010101383500_s.jpg","license":0,"flickr_url":"","coco_url":"","date_captured":0},{"id":25,"width":1280,"height":720,"file_name":"2022010101395800_s.jpg","license":0,"flickr_url":"","coco_url":"","date_captured":0},{"id":26,"width":1280,"height":720,"file_name":"2022010101401200_s.jpg","license":0,"flickr_url":"","coco_url":"","date_captured":0},{"id":27,"width":1280,"height":720,"file_name":"2022010101403900_s.jpg","license":0,"flickr_url":"","coco_url":"","date_captured":0},{"id":28,"width":1280,"height":720,"file_name":"2022010101430000_s.jpg","license":0,"flickr_url":"","coco_url":"","date_captured":0},{"id":29,"width":1280,"height":720,"file_name":"2022010101430100_s.jpg","license":0,"flickr_url":"","coco_url":"","date_captured":0},{"id":30,"width":1280,"height":720,"file_name":"2022010101430400_s.jpg","license":0,"flickr_url":"","coco_url":"","date_captured":0},{"id":31,"width":1280,"height":720,"file_name":"2022010101431200_s.jpg","license":0,"flickr_url":"","coco_url":"","date_captured":0},{"id":32,"width":1280,"height":720,"file_name":"2022010101435200_s.jpg","license":0,"flickr_url":"","coco_url":"","date_captured":0},{"id":33,"width":1280,"height":720,"file_name":"2022010101435400_s.jpg","license":0,"flickr_url":"","coco_url":"","date_captured":0},{"id":34,"width":1280,"height":720,"file_name":"2022010101440800_s.jpg","license":0,"flickr_url":"","coco_url":"","date_captured":0},{"id":35,"width":1280,"height":720,"file_name":"2022010101441300_s.jpg","license":0,"flickr_url":"","coco_url":"","date_captured":0},{"id":36,"width":1280,"height":720,"file_name":"2022010101455700_s.jpg","license":0,"flickr_url":"","coco_url":"","date_captured":0},{"id":37,"width":1280,"height":720,"file_name":"2022010101455800_s.jpg","license":0,"flickr_url":"","coco_url":"","date_captured":0},{"id":38,"width":1280,"height":720,"file_name":"2022010101455801_s.jpg","license":0,"flickr_url":"","coco_url":"","date_captured":0},{"id":39,"width":1280,"height":720,"file_name":"2022010101455900_s.jpg","license":0,"flickr_url":"","coco_url":"","date_captured":0},{"id":40,"width":1280,"height":720,"file_name":"2022010101460000_s.jpg","license":0,"flickr_url":"","coco_url":"","date_captured":0},{"id":41,"width":1280,"height":720,"file_name":"2022010101460600_s.jpg","license":0,"flickr_url":"","coco_url":"","date_captured":0},{"id":42,"width":1280,"height":720,"file_name":"2022010101460700_s.jpg","license":0,"flickr_url":"","coco_url":"","date_captured":0},{"id":43,"width":1280,"height":720,"file_name":"2022010101460701_s.jpg","license":0,"flickr_url":"","coco_url":"","date_captured":0},{"id":44,"width":1280,"height":720,"file_name":"2022010101460800_s.jpg","license":0,"flickr_url":"","coco_url":"","date_captured":0},{"id":45,"width":1280,"height":720,"file_name":"2022010101461000_s.jpg","license":0,"flickr_url":"","coco_url":"","date_captured":0},{"id":46,"width":1280,"height":720,"file_name":"2022010101490500_s.jpg","license":0,"flickr_url":"","coco_url":"","date_captured":0},{"id":47,"width":1280,"height":720,"file_name":"2022010101494000_s.jpg","license":0,"flickr_url":"","coco_url":"","date_captured":0},{"id":48,"width":1280,"height":720,"file_name":"2022010101501600_s.jpg","license":0,"flickr_url":"","coco_url":"","date_captured":0},{"id":49,"width":1280,"height":720,"file_name":"2022010101514200_s.jpg","license":0,"flickr_url":"","coco_url":"","date_captured":0},{"id":50,"width":1280,"height":720,"file_name":"2022010101514400_s.jpg","license":0,"flickr_url":"","coco_url":"","date_captured":0},{"id":51,"width":1280,"height":720,"file_name":"2022010101520300_s.jpg","license":0,"flickr_url":"","coco_url":"","date_captured":0},{"id":52,"width":1280,"height":720,"file_name":"2022010101541000_s.jpg","license":0,"flickr_url":"","coco_url":"","date_captured":0},{"id":53,"width":1280,"height":720,"file_name":"2022010101541101_s.jpg","license":0,"flickr_url":"","coco_url":"","date_captured":0},{"id":54,"width":1280,"height":720,"file_name":"2022010101541200_s.jpg","license":0,"flickr_url":"","coco_url":"","date_captured":0},{"id":55,"width":1280,"height":720,"file_name":"2022010101543200_s.jpg","license":0,"flickr_url":"","coco_url":"","date_captured":0},{"id":56,"width":1280,"height":720,"file_name":"2022010101543500_s.jpg","license":0,"flickr_url":"","coco_url":"","date_captured":0},{"id":57,"width":1280,"height":720,"file_name":"2022010101543700_s.jpg","license":0,"flickr_url":"","coco_url":"","date_captured":0},{"id":58,"width":1280,"height":720,"file_name":"2022010101544100_s.jpg","license":0,"flickr_url":"","coco_url":"","date_captured":0},{"id":59,"width":1280,"height":720,"file_name":"2022010101544300_s.jpg","license":0,"flickr_url":"","coco_url":"","date_captured":0},{"id":60,"width":1280,"height":720,"file_name":"2022010101573200_s.jpg","license":0,"flickr_url":"","coco_url":"","date_captured":0},{"id":61,"width":1280,"height":720,"file_name":"2022010101573201_s.jpg","license":0,"flickr_url":"","coco_url":"","date_captured":0},{"id":62,"width":1280,"height":720,"file_name":"2022010101573400_s.jpg","license":0,"flickr_url":"","coco_url":"","date_captured":0},{"id":63,"width":1280,"height":720,"file_name":"2022010101573401_s.jpg","license":0,"flickr_url":"","coco_url":"","date_captured":0},{"id":64,"width":1280,"height":720,"file_name":"2022010101573600_s.jpg","license":0,"flickr_url":"","coco_url":"","date_captured":0},{"id":65,"width":1280,"height":720,"file_name":"2022010101580800_s.jpg","license":0,"flickr_url":"","coco_url":"","date_captured":0},{"id":66,"width":1280,"height":720,"file_name":"2022010101582800_s.jpg","license":0,"flickr_url":"","coco_url":"","date_captured":0},{"id":67,"width":1280,"height":720,"file_name":"2022010102021700_s.jpg","license":0,"flickr_url":"","coco_url":"","date_captured":0},{"id":68,"width":1280,"height":720,"file_name":"2022010102022400_s.jpg","license":0,"flickr_url":"","coco_url":"","date_captured":0},{"id":69,"width":1280,"height":720,"file_name":"2022010102022700_s.jpg","license":0,"flickr_url":"","coco_url":"","date_captured":0},{"id":70,"width":1280,"height":720,"file_name":"2022010102023200_s.jpg","license":0,"flickr_url":"","coco_url":"","date_captured":0},{"id":71,"width":1280,"height":720,"file_name":"2022010102023400_s.jpg","license":0,"flickr_url":"","coco_url":"","date_captured":0},{"id":72,"width":1280,"height":720,"file_name":"2022010102023500_s.jpg","license":0,"flickr_url":"","coco_url":"","date_captured":0},{"id":73,"width":1280,"height":720,"file_name":"2022111817490200_s.jpg","license":0,"flickr_url":"","coco_url":"","date_captured":0},{"id":74,"width":1280,"height":720,"file_name":"2022111817495100_s.jpg","license":0,"flickr_url":"","coco_url":"","date_captured":0},{"id":75,"width":1280,"height":720,"file_name":"2022111817502100_s.jpg","license":0,"flickr_url":"","coco_url":"","date_captured":0},{"id":76,"width":1280,"height":720,"file_name":"2022111817503300_s.jpg","license":0,"flickr_url":"","coco_url":"","date_captured":0},{"id":77,"width":1280,"height":720,"file_name":"2022111817503900_s.jpg","license":0,"flickr_url":"","coco_url":"","date_captured":0},{"id":78,"width":1280,"height":720,"file_name":"2022111817520600_s.jpg","license":0,"flickr_url":"","coco_url":"","date_captured":0},{"id":79,"width":1280,"height":720,"file_name":"2022111821031100_s.jpg","license":0,"flickr_url":"","coco_url":"","date_captured":0},{"id":80,"width":1280,"height":720,"file_name":"2022111821032200_s.jpg","license":0,"flickr_url":"","coco_url":"","date_captured":0},{"id":81,"width":1280,"height":720,"file_name":"2022111821032500_s.jpg","license":0,"flickr_url":"","coco_url":"","date_captured":0},{"id":82,"width":1280,"height":720,"file_name":"2022111821033500_s.jpg","license":0,"flickr_url":"","coco_url":"","date_captured":0},{"id":83,"width":1280,"height":720,"file_name":"2022111821033600_s.jpg","license":0,"flickr_url":"","coco_url":"","date_captured":0},{"id":84,"width":1280,"height":720,"file_name":"2022111821034100_s.jpg","license":0,"flickr_url":"","coco_url":"","date_captured":0},{"id":85,"width":1280,"height":720,"file_name":"2022111913460700_s.jpg","license":0,"flickr_url":"","coco_url":"","date_captured":0},{"id":86,"width":1280,"height":720,"file_name":"2022111913461000_s.jpg","license":0,"flickr_url":"","coco_url":"","date_captured":0},{"id":87,"width":1280,"height":720,"file_name":"2022111913464700_s.jpg","license":0,"flickr_url":"","coco_url":"","date_captured":0},{"id":88,"width":1280,"height":720,"file_name":"2022111913465300_s.jpg","license":0,"flickr_url":"","coco_url":"","date_captured":0},{"id":89,"width":1280,"height":720,"file_name":"2022111913472400_s.jpg","license":0,"flickr_url":"","coco_url":"","date_captured":0},{"id":90,"width":1280,"height":720,"file_name":"2022111913473300_s.jpg","license":0,"flickr_url":"","coco_url":"","date_captured":0},{"id":91,"width":1280,"height":720,"file_name":"2022111913474600_s.jpg","license":0,"flickr_url":"","coco_url":"","date_captured":0},{"id":92,"width":1280,"height":720,"file_name":"2022111913480500_s.jpg","license":0,"flickr_url":"","coco_url":"","date_captured":0},{"id":93,"width":1280,"height":720,"file_name":"2022111913481700_s.jpg","license":0,"flickr_url":"","coco_url":"","date_captured":0},{"id":94,"width":1280,"height":720,"file_name":"2022111913482500_s.jpg","license":0,"flickr_url":"","coco_url":"","date_captured":0},{"id":95,"width":1280,"height":720,"file_name":"2022111913483900_s.jpg","license":0,"flickr_url":"","coco_url":"","date_captured":0},{"id":96,"width":1280,"height":720,"file_name":"2022111913484400_s.jpg","license":0,"flickr_url":"","coco_url":"","date_captured":0},{"id":97,"width":1280,"height":720,"file_name":"2022111913492100_s.jpg","license":0,"flickr_url":"","coco_url":"","date_captured":0},{"id":98,"width":1280,"height":720,"file_name":"2022111913493100_s.jpg","license":0,"flickr_url":"","coco_url":"","date_captured":0},{"id":99,"width":1280,"height":720,"file_name":"2022111913501100_s.jpg","license":0,"flickr_url":"","coco_url":"","date_captured":0},{"id":100,"width":1280,"height":720,"file_name":"2022111913502100_s.jpg","license":0,"flickr_url":"","coco_url":"","date_captured":0},{"id":101,"width":1280,"height":720,"file_name":"2022111913512100_s.jpg","license":0,"flickr_url":"","coco_url":"","date_captured":0},{"id":102,"width":1280,"height":720,"file_name":"2022111913515100_s.jpg","license":0,"flickr_url":"","coco_url":"","date_captured":0},{"id":103,"width":1280,"height":720,"file_name":"2022111913565600_s.jpg","license":0,"flickr_url":"","coco_url":"","date_captured":0},{"id":104,"width":1280,"height":720,"file_name":"2022111913570500_s.jpg","license":0,"flickr_url":"","coco_url":"","date_captured":0},{"id":105,"width":1280,"height":720,"file_name":"2022111913572400_s.jpg","license":0,"flickr_url":"","coco_url":"","date_captured":0},{"id":106,"width":1280,"height":720,"file_name":"2022111913573300_s.jpg","license":0,"flickr_url":"","coco_url":"","date_captured":0},{"id":107,"width":1280,"height":720,"file_name":"2022111913574300_s.jpg","license":0,"flickr_url":"","coco_url":"","date_captured":0},{"id":108,"width":1280,"height":720,"file_name":"2022111913585100_s.jpg","license":0,"flickr_url":"","coco_url":"","date_captured":0},{"id":109,"width":1280,"height":720,"file_name":"2022111913590500_s.jpg","license":0,"flickr_url":"","coco_url":"","date_captured":0},{"id":110,"width":1280,"height":720,"file_name":"2022111913591600_s.jpg","license":0,"flickr_url":"","coco_url":"","date_captured":0},{"id":111,"width":1280,"height":720,"file_name":"2022111913594300_s.jpg","license":0,"flickr_url":"","coco_url":"","date_captured":0},{"id":112,"width":1280,"height":720,"file_name":"2022111913594700_s.jpg","license":0,"flickr_url":"","coco_url":"","date_captured":0},{"id":113,"width":1280,"height":720,"file_name":"2022111914003300_s.jpg","license":0,"flickr_url":"","coco_url":"","date_captured":0},{"id":114,"width":1280,"height":720,"file_name":"2022111914011200_s.jpg","license":0,"flickr_url":"","coco_url":"","date_captured":0},{"id":115,"width":1280,"height":720,"file_name":"2022111914012800_s.jpg","license":0,"flickr_url":"","coco_url":"","date_captured":0},{"id":116,"width":1280,"height":720,"file_name":"2022111914014700_s.jpg","license":0,"flickr_url":"","coco_url":"","date_captured":0},{"id":117,"width":1280,"height":720,"file_name":"2022111914021600_s.jpg","license":0,"flickr_url":"","coco_url":"","date_captured":0},{"id":118,"width":1280,"height":720,"file_name":"2022111914035800_s.jpg","license":0,"flickr_url":"","coco_url":"","date_captured":0},{"id":119,"width":1280,"height":720,"file_name":"2022111914040500_s.jpg","license":0,"flickr_url":"","coco_url":"","date_captured":0},{"id":120,"width":1280,"height":720,"file_name":"2022111914044800_s.jpg","license":0,"flickr_url":"","coco_url":"","date_captured":0},{"id":121,"width":1280,"height":720,"file_name":"2022111914055800_s.jpg","license":0,"flickr_url":"","coco_url":"","date_captured":0},{"id":122,"width":1280,"height":720,"file_name":"2022111914060700_s.jpg","license":0,"flickr_url":"","coco_url":"","date_captured":0},{"id":123,"width":1280,"height":720,"file_name":"2022111914071800_s.jpg","license":0,"flickr_url":"","coco_url":"","date_captured":0},{"id":124,"width":1280,"height":720,"file_name":"2022111914075200_s.jpg","license":0,"flickr_url":"","coco_url":"","date_captured":0},{"id":125,"width":1280,"height":720,"file_name":"2022111914080400_s.jpg","license":0,"flickr_url":"","coco_url":"","date_captured":0},{"id":126,"width":1280,"height":720,"file_name":"2022111914082800_s.jpg","license":0,"flickr_url":"","coco_url":"","date_captured":0},{"id":127,"width":1280,"height":720,"file_name":"2022111914083100_s.jpg","license":0,"flickr_url":"","coco_url":"","date_captured":0},{"id":128,"width":1280,"height":720,"file_name":"2022111914085800_s.jpg","license":0,"flickr_url":"","coco_url":"","date_captured":0},{"id":129,"width":1280,"height":720,"file_name":"2022111914091900_s.jpg","license":0,"flickr_url":"","coco_url":"","date_captured":0},{"id":130,"width":1280,"height":720,"file_name":"2022111914094300_s.jpg","license":0,"flickr_url":"","coco_url":"","date_captured":0},{"id":131,"width":1280,"height":720,"file_name":"2022111914095400_s.jpg","license":0,"flickr_url":"","coco_url":"","date_captured":0},{"id":132,"width":1280,"height":720,"file_name":"2022111914104600_s.jpg","license":0,"flickr_url":"","coco_url":"","date_captured":0},{"id":133,"width":1280,"height":720,"file_name":"2022111914105400_s.jpg","license":0,"flickr_url":"","coco_url":"","date_captured":0},{"id":134,"width":1280,"height":720,"file_name":"2022111914110700_s.jpg","license":0,"flickr_url":"","coco_url":"","date_captured":0},{"id":135,"width":1280,"height":720,"file_name":"2022111914111300_s.jpg","license":0,"flickr_url":"","coco_url":"","date_captured":0},{"id":136,"width":1280,"height":720,"file_name":"2022111914111800_s.jpg","license":0,"flickr_url":"","coco_url":"","date_captured":0},{"id":137,"width":1280,"height":720,"file_name":"2022111914112200_s.jpg","license":0,"flickr_url":"","coco_url":"","date_captured":0},{"id":138,"width":1280,"height":720,"file_name":"2022111914112700_s.jpg","license":0,"flickr_url":"","coco_url":"","date_captured":0},{"id":139,"width":1280,"height":720,"file_name":"2022111914113500_s.jpg","license":0,"flickr_url":"","coco_url":"","date_captured":0},{"id":140,"width":1280,"height":720,"file_name":"2022111914114000_s.jpg","license":0,"flickr_url":"","coco_url":"","date_captured":0},{"id":141,"width":1280,"height":720,"file_name":"2022111914114600_s.jpg","license":0,"flickr_url":"","coco_url":"","date_captured":0},{"id":142,"width":1280,"height":720,"file_name":"2022111914120000_s.jpg","license":0,"flickr_url":"","coco_url":"","date_captured":0},{"id":143,"width":1280,"height":720,"file_name":"2022111914122600_s.jpg","license":0,"flickr_url":"","coco_url":"","date_captured":0},{"id":144,"width":1280,"height":720,"file_name":"2022111914123200_s.jpg","license":0,"flickr_url":"","coco_url":"","date_captured":0},{"id":145,"width":1280,"height":720,"file_name":"2022111914131000_s.jpg","license":0,"flickr_url":"","coco_url":"","date_captured":0},{"id":146,"width":1280,"height":720,"file_name":"2022111914131400_s.jpg","license":0,"flickr_url":"","coco_url":"","date_captured":0},{"id":147,"width":1280,"height":720,"file_name":"2022111914131600_s.jpg","license":0,"flickr_url":"","coco_url":"","date_captured":0},{"id":148,"width":1280,"height":720,"file_name":"2022111914131800_s.jpg","license":0,"flickr_url":"","coco_url":"","date_captured":0},{"id":149,"width":1280,"height":720,"file_name":"2022111914132100_s.jpg","license":0,"flickr_url":"","coco_url":"","date_captured":0},{"id":150,"width":1280,"height":720,"file_name":"2022111914135900_s.jpg","license":0,"flickr_url":"","coco_url":"","date_captured":0},{"id":151,"width":1280,"height":720,"file_name":"2022111914140200_s.jpg","license":0,"flickr_url":"","coco_url":"","date_captured":0},{"id":152,"width":1280,"height":720,"file_name":"2022111914140400_s.jpg","license":0,"flickr_url":"","coco_url":"","date_captured":0},{"id":153,"width":1280,"height":720,"file_name":"2022111914140700_s.jpg","license":0,"flickr_url":"","coco_url":"","date_captured":0},{"id":154,"width":1280,"height":720,"file_name":"2022111914141000_s.jpg","license":0,"flickr_url":"","coco_url":"","date_captured":0},{"id":155,"width":1280,"height":720,"file_name":"2022111914150000_s.jpg","license":0,"flickr_url":"","coco_url":"","date_captured":0},{"id":156,"width":1280,"height":720,"file_name":"2022111914151000_s.jpg","license":0,"flickr_url":"","coco_url":"","date_captured":0},{"id":157,"width":1280,"height":720,"file_name":"2022111914151600_s.jpg","license":0,"flickr_url":"","coco_url":"","date_captured":0},{"id":158,"width":1280,"height":720,"file_name":"2022111914152300_s.jpg","license":0,"flickr_url":"","coco_url":"","date_captured":0},{"id":159,"width":1280,"height":720,"file_name":"2022111914153400_s.jpg","license":0,"flickr_url":"","coco_url":"","date_captured":0},{"id":160,"width":1280,"height":720,"file_name":"2022111914155400_s.jpg","license":0,"flickr_url":"","coco_url":"","date_captured":0},{"id":161,"width":1280,"height":720,"file_name":"2022111914155600_s.jpg","license":0,"flickr_url":"","coco_url":"","date_captured":0},{"id":162,"width":1280,"height":720,"file_name":"2022111914155700_s.jpg","license":0,"flickr_url":"","coco_url":"","date_captured":0},{"id":163,"width":1280,"height":720,"file_name":"2022111914160200_s.jpg","license":0,"flickr_url":"","coco_url":"","date_captured":0},{"id":164,"width":1280,"height":720,"file_name":"2022111914161600_s.jpg","license":0,"flickr_url":"","coco_url":"","date_captured":0},{"id":165,"width":1280,"height":720,"file_name":"2022111914165000_s.jpg","license":0,"flickr_url":"","coco_url":"","date_captured":0},{"id":166,"width":1280,"height":720,"file_name":"2022111914165600_s.jpg","license":0,"flickr_url":"","coco_url":"","date_captured":0},{"id":167,"width":1280,"height":720,"file_name":"2022111914170500_s.jpg","license":0,"flickr_url":"","coco_url":"","date_captured":0},{"id":168,"width":1280,"height":720,"file_name":"2022111914170700_s.jpg","license":0,"flickr_url":"","coco_url":"","date_captured":0},{"id":169,"width":1280,"height":720,"file_name":"2022111914173700_s.jpg","license":0,"flickr_url":"","coco_url":"","date_captured":0},{"id":170,"width":1280,"height":720,"file_name":"2022111914174400_s.jpg","license":0,"flickr_url":"","coco_url":"","date_captured":0},{"id":171,"width":1280,"height":720,"file_name":"2022111914175500_s.jpg","license":0,"flickr_url":"","coco_url":"","date_captured":0},{"id":172,"width":1280,"height":720,"file_name":"2022111914175700_s.jpg","license":0,"flickr_url":"","coco_url":"","date_captured":0},{"id":173,"width":1280,"height":720,"file_name":"2022111914182500_s.jpg","license":0,"flickr_url":"","coco_url":"","date_captured":0},{"id":174,"width":1280,"height":720,"file_name":"2022111914182900_s.jpg","license":0,"flickr_url":"","coco_url":"","date_captured":0},{"id":175,"width":1280,"height":720,"file_name":"2022111914183800_s.jpg","license":0,"flickr_url":"","coco_url":"","date_captured":0},{"id":176,"width":1280,"height":720,"file_name":"2022111914185700_s.jpg","license":0,"flickr_url":"","coco_url":"","date_captured":0}],"annotations":[{"id":1,"image_id":1,"category_id":1,"segmentation":[],"area":83277.97199999998,"bbox":[530.35,284.6,228.66,364.2],"iscrowd":0,"attributes":{"occluded":false,"rotation":0.0}},{"id":2,"image_id":2,"category_id":1,"segmentation":[],"area":72127.2,"bbox":[545.7,275.2,196.8,366.5],"iscrowd":0,"attributes":{"occluded":false,"rotation":0.0}},{"id":3,"image_id":3,"category_id":1,"segmentation":[],"area":41390.20800000002,"bbox":[581.03,292.85,119.04,347.7],"iscrowd":0,"attributes":{"occluded":false,"rotation":0.0}},{"id":4,"image_id":4,"category_id":1,"segmentation":[],"area":48580.239,"bbox":[581.03,270.46,154.37,314.7],"iscrowd":0,"attributes":{"occluded":false,"rotation":0.0}},{"id":5,"image_id":5,"category_id":1,"segmentation":[],"area":66706.57179999998,"bbox":[535.1,322.32,273.41,243.98],"iscrowd":0,"attributes":{"occluded":false,"rotation":0.0}},{"id":6,"image_id":6,"category_id":1,"segmentation":[],"area":61638.59730000002,"bbox":[539.78,252.78,180.33,341.81],"iscrowd":0,"attributes":{"occluded":false,"rotation":0.0}},{"id":7,"image_id":7,"category_id":1,"segmentation":[],"area":99726.95999999998,"bbox":[504.42,290.5,322.95,308.8],"iscrowd":0,"attributes":{"occluded":false,"rotation":0.0}},{"id":8,"image_id":8,"category_id":1,"segmentation":[],"area":59988.50799999999,"bbox":[486.74,307.0,255.76,234.55],"iscrowd":0,"attributes":{"occluded":false,"rotation":0.0}},{"id":9,"image_id":9,"category_id":1,"segmentation":[],"area":23254.61010000001,"bbox":[715.4,204.46,127.29,182.69],"iscrowd":0,"attributes":{"occluded":false,"rotation":0.0}},{"id":10,"image_id":10,"category_id":1,"segmentation":[],"area":33146.5678,"bbox":[828.5,457.86,334.78,99.01],"iscrowd":0,"attributes":{"occluded":false,"rotation":0.0}},{"id":11,"image_id":11,"category_id":1,"segmentation":[],"area":25646.5326,"bbox":[497.35,463.76,213.33,120.22],"iscrowd":0,"attributes":{"occluded":false,"rotation":0.0}},{"id":12,"image_id":12,"category_id":1,"segmentation":[],"area":111538.7393,"bbox":[552.74,271.64,255.77,436.09],"iscrowd":0,"attributes":{"occluded":false,"rotation":0.0}},{"id":13,"image_id":13,"category_id":1,"segmentation":[],"area":98022.16320000004,"bbox":[589.28,246.89,212.16,462.02],"iscrowd":0,"attributes":{"occluded":false,"rotation":0.0}},{"id":14,"image_id":14,"category_id":1,"segmentation":[],"area":275483.33540000004,"bbox":[405.41,98.38,443.17,621.62],"iscrowd":0,"attributes":{"occluded":false,"rotation":0.0}},{"id":15,"image_id":15,"category_id":1,"segmentation":[],"area":44497.93080000002,"bbox":[688.29,139.63,168.54,264.02],"iscrowd":0,"attributes":{"occluded":false,"rotation":0.0}},{"id":16,"image_id":16,"category_id":1,"segmentation":[],"area":46408.236799999984,"bbox":[559.82,298.75,169.72,273.44],"iscrowd":0,"attributes":{"occluded":false,"rotation":0.0}},{"id":17,"image_id":17,"category_id":1,"segmentation":[],"area":43455.72699999999,"bbox":[571.6,294.03,160.3,271.09],"iscrowd":0,"attributes":{"occluded":false,"rotation":0.0}},{"id":18,"image_id":18,"category_id":1,"segmentation":[],"area":5400.914700000009,"bbox":[652.93,298.75,42.43,127.29],"iscrowd":0,"attributes":{"occluded":false,"rotation":0.0}},{"id":19,"image_id":19,"category_id":1,"segmentation":[],"area":53777.6371,"bbox":[545.67,296.39,186.23,288.77],"iscrowd":0,"attributes":{"occluded":false,"rotation":0.0}},{"id":20,"image_id":20,"category_id":1,"segmentation":[],"area":60293.00549999999,"bbox":[453.74,426.04,460.85,130.83],"iscrowd":0,"attributes":{"occluded":false,"rotation":0.0}},{"id":21,"image_id":21,"category_id":1,"segmentation":[],"area":37966.3401,"bbox":[558.64,335.29,213.33,177.97],"iscrowd":0,"attributes":{"occluded":false,"rotation":0.0}},{"id":22,"image_id":22,"category_id":1,"segmentation":[],"area":66126.10740000002,"bbox":[484.38,338.82,330.02,200.37],"iscrowd":0,"attributes":{"occluded":false,"rotation":0.0}},{"id":23,"image_id":23,"category_id":1,"segmentation":[],"area":27938.389400000007,"bbox":[563.35,310.53,140.26,199.19],"iscrowd":0,"attributes":{"occluded":false,"rotation":0.0}},{"id":24,"image_id":24,"category_id":1,"segmentation":[],"area":66501.292,"bbox":[533.89,230.39,220.4,301.73],"iscrowd":0,"attributes":{"occluded":false,"rotation":0.0}},{"id":25,"image_id":25,"category_id":1,"segmentation":[],"area":116360.17050000005,"bbox":[525.64,178.53,267.55,434.91],"iscrowd":0,"attributes":{"occluded":false,"rotation":0.0}},{"id":26,"image_id":26,"category_id":1,"segmentation":[],"area":25003.999,"bbox":[668.25,158.49,117.86,212.15],"iscrowd":0,"attributes":{"occluded":false,"rotation":0.0}},{"id":27,"image_id":27,"category_id":1,"segmentation":[],"area":73572.4496,"bbox":[531.53,338.82,248.69,295.84],"iscrowd":0,"attributes":{"occluded":false,"rotation":0.0}},{"id":28,"image_id":28,"category_id":1,"segmentation":[],"area":25519.009499999993,"bbox":[546.85,297.57,129.65,196.83],"iscrowd":0,"attributes":{"occluded":false,"rotation":0.0}},{"id":29,"image_id":29,"category_id":1,"segmentation":[],"area":59512.50660000001,"bbox":[539.78,269.28,165.01,360.66],"iscrowd":0,"attributes":{"occluded":false,"rotation":0.0}},{"id":30,"image_id":30,"category_id":1,"segmentation":[],"area":150526.2761,"bbox":[459.63,209.17,294.67,510.83],"iscrowd":0,"attributes":{"occluded":false,"rotation":0.0}},{"id":31,"image_id":31,"category_id":1,"segmentation":[],"area":57879.13949999999,"bbox":[549.21,308.18,195.65,295.83],"iscrowd":0,"attributes":{"occluded":false,"rotation":0.0}},{"id":32,"image_id":32,"category_id":1,"segmentation":[],"area":135738.274,"bbox":[499.71,167.92,292.3,464.38],"iscrowd":0,"attributes":{"occluded":false,"rotation":0.0}},{"id":33,"image_id":33,"category_id":1,"segmentation":[],"area":113390.62350000002,"bbox":[535.06,159.67,268.73,421.95],"iscrowd":0,"attributes":{"occluded":false,"rotation":0.0}},{"id":34,"image_id":34,"category_id":1,"segmentation":[],"area":154534.9038,"bbox":[465.5,212.71,364.22,424.29],"iscrowd":0,"attributes":{"occluded":false,"rotation":0.0}},{"id":35,"image_id":35,"category_id":1,"segmentation":[],"area":211634.47109999997,"bbox":[397.16,166.74,425.49,497.39],"iscrowd":0,"attributes":{"occluded":false,"rotation":0.0}},{"id":36,"image_id":36,"category_id":1,"segmentation":[],"area":11722.383999999995,"bbox":[592.82,256.32,48.28,242.8],"iscrowd":0,"attributes":{"occluded":false,"rotation":0.0}},{"id":37,"image_id":37,"category_id":1,"segmentation":[],"area":23413.131299999997,"bbox":[536.24,316.43,187.41,124.93],"iscrowd":0,"attributes":{"occluded":false,"rotation":0.0}},{"id":38,"image_id":38,"category_id":1,"segmentation":[],"area":8320.379299999999,"bbox":[578.67,342.36,133.19,62.47],"iscrowd":0,"attributes":{"occluded":false,"rotation":0.0}},{"id":39,"image_id":39,"category_id":1,"segmentation":[],"area":24698.85,"bbox":[577.5,314.07,165.0,149.69],"iscrowd":0,"attributes":{"occluded":false,"rotation":0.0}},{"id":40,"image_id":40,"category_id":1,"segmentation":[],"area":15535.664300000006,"bbox":[599.89,255.14,62.47,248.69],"iscrowd":0,"attributes":{"occluded":false,"rotation":0.0}},{"id":41,"image_id":41,"category_id":1,"segmentation":[],"area":40353.00880000002,"bbox":[515.03,301.1,175.57,229.84],"iscrowd":0,"attributes":{"occluded":false,"rotation":0.0}},{"id":42,"image_id":42,"category_id":1,"segmentation":[],"area":29074.402499999997,"bbox":[558.64,295.21,107.25,271.09],"iscrowd":0,"attributes":{"occluded":false,"rotation":0.0}},{"id":43,"image_id":43,"category_id":1,"segmentation":[],"area":46052.863999999994,"bbox":[502.06,331.75,260.48,176.8],"iscrowd":0,"attributes":{"occluded":false,"rotation":0.0}},{"id":44,"image_id":44,"category_id":1,"segmentation":[],"area":9522.116399999995,"bbox":[543.31,374.18,175.62,54.22],"iscrowd":0,"attributes":{"occluded":false,"rotation":0.0}},{"id":45,"image_id":45,"category_id":1,"segmentation":[],"area":22530.43019999999,"bbox":[540.96,322.32,180.33,124.94],"iscrowd":0,"attributes":{"occluded":false,"rotation":0.0}},{"id":46,"image_id":46,"category_id":1,"segmentation":[],"area":134403.26580000005,"bbox":[515.03,262.21,294.66,456.13],"iscrowd":0,"attributes":{"occluded":false,"rotation":0.0}},{"id":47,"image_id":47,"category_id":1,"segmentation":[],"area":121526.62710000001,"bbox":[518.56,174.99,286.41,424.31],"iscrowd":0,"attributes":{"occluded":false,"rotation":0.0}},{"id":48,"image_id":48,"category_id":1,"segmentation":[],"area":64901.69280000001,"bbox":[566.89,317.61,188.58,344.16],"iscrowd":0,"attributes":{"occluded":false,"rotation":0.0}},{"id":49,"image_id":49,"category_id":1,"segmentation":[],"area":14569.9984,"bbox":[663.54,328.21,134.36,108.44],"iscrowd":0,"attributes":{"occluded":false,"rotation":0.0}},{"id":50,"image_id":50,"category_id":1,"segmentation":[],"area":14554.209000000013,"bbox":[665.89,321.14,127.3,114.33],"iscrowd":0,"attributes":{"occluded":false,"rotation":0.0}},{"id":51,"image_id":51,"category_id":1,"segmentation":[],"area":9626.1,"bbox":[689.47,289.32,82.5,116.68],"iscrowd":0,"attributes":{"occluded":false,"rotation":0.0}},{"id":52,"image_id":52,"category_id":1,"segmentation":[],"area":123931.83549999999,"bbox":[456.1,252.78,267.55,463.21],"iscrowd":0,"attributes":{"occluded":false,"rotation":0.0}},{"id":53,"image_id":53,"category_id":1,"segmentation":[],"area":89603.24190000004,"bbox":[537.42,263.98,253.41,353.59],"iscrowd":0,"attributes":{"occluded":false,"rotation":0.0}},{"id":54,"image_id":54,"category_id":1,"segmentation":[],"area":11243.24480000001,"bbox":[680.04,314.07,83.68,134.36],"iscrowd":0,"attributes":{"occluded":false,"rotation":0.0}},{"id":55,"image_id":55,"category_id":1,"segmentation":[],"area":190555.0944,"bbox":[520.92,32.38,334.73,569.28],"iscrowd":0,"attributes":{"occluded":false,"rotation":0.0}},{"id":56,"image_id":56,"category_id":1,"segmentation":[],"area":80324.2632,"bbox":[660.0,258.67,288.77,278.16],"iscrowd":0,"attributes":{"occluded":false,"rotation":0.0}},{"id":57,"image_id":57,"category_id":1,"segmentation":[],"area":77599.68879999996,"bbox":[273.41,309.36,346.52,223.94],"iscrowd":0,"attributes":{"occluded":false,"rotation":0.0}},{"id":58,"image_id":58,"category_id":1,"segmentation":[],"area":110208.72799999999,"bbox":[594.0,281.07,253.4,434.92],"iscrowd":0,"attributes":{"occluded":false,"rotation":0.0}},{"id":59,"image_id":59,"category_id":1,"segmentation":[],"area":251660.5784,"bbox":[200.33,350.61,770.83,326.48],"iscrowd":0,"attributes":{"occluded":false,"rotation":0.0}},{"id":60,"image_id":60,"category_id":1,"segmentation":[],"area":86786.818,"bbox":[515.03,283.43,288.76,300.55],"iscrowd":0,"attributes":{"occluded":false,"rotation":0.0}},{"id":61,"image_id":61,"category_id":1,"segmentation":[],"area":54690.428800000016,"bbox":[550.39,268.1,174.44,313.52],"iscrowd":0,"attributes":{"occluded":false,"rotation":0.0}},{"id":62,"image_id":62,"category_id":1,"segmentation":[],"area":86774.53069999999,"bbox":[430.17,303.46,301.73,287.59],"iscrowd":0,"attributes":{"occluded":false,"rotation":0.0}},{"id":63,"image_id":63,"category_id":1,"segmentation":[],"area":76708.194,"bbox":[494.99,327.03,280.52,273.45],"iscrowd":0,"attributes":{"occluded":false,"rotation":0.0}},{"id":64,"image_id":64,"category_id":1,"segmentation":[],"area":30230.261200000023,"bbox":[505.6,439.01,328.84,91.93],"iscrowd":0,"attributes":{"occluded":false,"rotation":0.0}},{"id":65,"image_id":65,"category_id":1,"segmentation":[],"area":16507.40820000001,"bbox":[689.47,338.82,60.11,274.62],"iscrowd":0,"attributes":{"occluded":false,"rotation":0.0}},{"id":66,"image_id":66,"category_id":1,"segmentation":[],"area":54014.0619,"bbox":[578.67,340.0,188.59,286.41],"iscrowd":0,"attributes":{"occluded":false,"rotation":0.0}},{"id":67,"image_id":67,"category_id":1,"segmentation":[],"area":116678.55500000004,"bbox":[564.53,276.35,267.55,436.1],"iscrowd":0,"attributes":{"occluded":false,"rotation":0.0}},{"id":68,"image_id":68,"category_id":1,"segmentation":[],"area":40511.211,"bbox":[589.28,291.68,142.62,284.05],"iscrowd":0,"attributes":{"occluded":false,"rotation":0.0}},{"id":69,"image_id":69,"category_id":1,"segmentation":[],"area":42885.397699999994,"bbox":[596.35,310.53,115.51,371.27],"iscrowd":0,"attributes":{"occluded":false,"rotation":0.0}},{"id":70,"image_id":70,"category_id":1,"segmentation":[],"area":56572.98270000001,"bbox":[548.03,314.07,213.33,265.19],"iscrowd":0,"attributes":{"occluded":false,"rotation":0.0}},{"id":71,"image_id":71,"category_id":1,"segmentation":[],"area":22631.859999999997,"bbox":[522.1,338.82,211.0,107.26],"iscrowd":0,"attributes":{"occluded":false,"rotation":0.0}},{"id":72,"image_id":72,"category_id":1,"segmentation":[],"area":38605.130999999994,"bbox":[560.99,312.89,185.05,208.62],"iscrowd":0,"attributes":{"occluded":false,"rotation":0.0}},{"id":73,"image_id":73,"category_id":1,"segmentation":[],"area":24388.720800000014,"bbox":[558.64,295.21,155.58,156.76],"iscrowd":0,"attributes":{"occluded":false,"rotation":0.0}},{"id":74,"image_id":74,"category_id":1,"segmentation":[],"area":30170.01950000002,"bbox":[570.42,329.39,149.69,201.55],"iscrowd":0,"attributes":{"occluded":false,"rotation":0.0}},{"id":75,"image_id":75,"category_id":1,"segmentation":[],"area":48065.66520000001,"bbox":[542.14,338.82,235.72,203.91],"iscrowd":0,"attributes":{"occluded":false,"rotation":0.0}},{"id":76,"image_id":76,"category_id":1,"segmentation":[],"area":56379.55399999999,"bbox":[538.6,304.64,209.8,268.73],"iscrowd":0,"attributes":{"occluded":false,"rotation":0.0}},{"id":77,"image_id":77,"category_id":1,"segmentation":[],"area":60680.058400000016,"bbox":[529.17,316.43,229.84,264.01],"iscrowd":0,"attributes":{"occluded":false,"rotation":0.0}},{"id":78,"image_id":78,"category_id":1,"segmentation":[],"area":103522.8945,"bbox":[367.7,274.0,477.35,216.87],"iscrowd":0,"attributes":{"occluded":false,"rotation":0.0}},{"id":79,"image_id":79,"category_id":1,"segmentation":[],"area":312490.86480000004,"bbox":[258.08,85.41,542.18,576.36],"iscrowd":0,"attributes":{"occluded":false,"rotation":0.0}},{"id":80,"image_id":80,"category_id":1,"segmentation":[],"area":71923.92950000001,"bbox":[588.1,104.86,128.47,559.85],"iscrowd":0,"attributes":{"occluded":false,"rotation":0.0}},{"id":81,"image_id":81,"category_id":1,"segmentation":[],"area":112072.57159999998,"bbox":[334.7,285.19,492.67,227.48],"iscrowd":0,"attributes":{"occluded":false,"rotation":0.0}},{"id":82,"image_id":82,"category_id":1,"segmentation":[],"area":141579.936,"bbox":[443.13,240.99,569.28,248.7],"iscrowd":0,"attributes":{"occluded":false,"rotation":0.0}},{"id":83,"image_id":83,"category_id":1,"segmentation":[],"area":182935.955,"bbox":[317.02,226.85,625.85,292.3],"iscrowd":0,"attributes":{"occluded":false,"rotation":0.0}},{"id":84,"image_id":84,"category_id":1,"segmentation":[],"area":67302.9276,"bbox":[288.73,454.92,671.82,100.18],"iscrowd":0,"attributes":{"occluded":false,"rotation":0.0}},{"id":85,"image_id":85,"category_id":1,"segmentation":[],"area":163613.1065,"bbox":[759.01,150.83,510.35,320.59],"iscrowd":0,"attributes":{"occluded":false,"rotation":0.0}},{"id":86,"image_id":85,"category_id":1,"segmentation":[],"area":5777.206499999998,"bbox":[518.6,519.15,76.57,75.45],"iscrowd":0,"attributes":{"occluded":false,"rotation":0.0}},{"id":87,"image_id":86,"category_id":1,"segmentation":[],"area":5776.685400000006,"bbox":[518.56,517.97,74.26,77.79],"iscrowd":0,"attributes":{"occluded":false,"rotation":0.0}},{"id":88,"image_id":86,"category_id":1,"segmentation":[],"area":190612.72649999996,"bbox":[717.75,185.6,544.53,350.05],"iscrowd":0,"attributes":{"occluded":false,"rotation":0.0}},{"id":89,"image_id":87,"category_id":1,"segmentation":[],"area":228858.25340000002,"bbox":[779.04,13.52,371.27,616.42],"iscrowd":0,"attributes":{"occluded":false,"rotation":0.0}},{"id":90,"image_id":88,"category_id":1,"segmentation":[],"area":73378.63679999998,"bbox":[875.69,24.13,119.04,616.42],"iscrowd":0,"attributes":{"occluded":false,"rotation":0.0}},{"id":91,"image_id":89,"category_id":1,"segmentation":[],"area":184742.74719999998,"bbox":[469.06,172.63,342.98,538.64],"iscrowd":0,"attributes":{"occluded":false,"rotation":0.0}},{"id":92,"image_id":90,"category_id":1,"segmentation":[],"area":166070.0624,"bbox":[437.24,202.1,392.48,423.13],"iscrowd":0,"attributes":{"occluded":false,"rotation":0.0}},{"id":93,"image_id":91,"category_id":1,"segmentation":[],"area":161800.96700000003,"bbox":[417.2,215.06,325.3,497.39],"iscrowd":0,"attributes":{"occluded":false,"rotation":0.0}},{"id":94,"image_id":92,"category_id":1,"segmentation":[],"area":212913.5862,"bbox":[617.57,104.27,464.38,458.49],"iscrowd":0,"attributes":{"occluded":false,"rotation":0.0}},{"id":95,"image_id":93,"category_id":1,"segmentation":[],"area":177076.0793,"bbox":[381.84,132.56,715.43,247.51],"iscrowd":0,"attributes":{"occluded":false,"rotation":0.0}},{"id":96,"image_id":94,"category_id":1,"segmentation":[],"area":111629.3577,"bbox":[317.02,125.49,192.11,581.07],"iscrowd":0,"attributes":{"occluded":false,"rotation":0.0}},{"id":97,"image_id":95,"category_id":1,"segmentation":[],"area":234018.07320000004,"bbox":[451.38,145.52,474.99,492.68],"iscrowd":0,"attributes":{"occluded":false,"rotation":0.0}},{"id":98,"image_id":96,"category_id":1,"segmentation":[],"area":81418.12559999997,"bbox":[522.1,87.77,155.58,523.32],"iscrowd":0,"attributes":{"occluded":false,"rotation":0.0}},{"id":99,"image_id":97,"category_id":1,"segmentation":[],"area":138066.80459999997,"bbox":[472.6,152.6,286.41,482.06],"iscrowd":0,"attributes":{"occluded":false,"rotation":0.0}},{"id":100,"image_id":98,"category_id":1,"segmentation":[],"area":27567.386299999987,"bbox":[493.81,278.71,62.47,441.29],"iscrowd":0,"attributes":{"occluded":false,"rotation":0.0}},{"id":101,"image_id":99,"category_id":1,"segmentation":[],"area":132914.3796,"bbox":[341.77,391.86,691.83,192.12],"iscrowd":0,"attributes":{"occluded":false,"rotation":0.0}},{"id":102,"image_id":100,"category_id":1,"segmentation":[],"area":247600.99260000003,"bbox":[438.42,183.24,517.42,478.53],"iscrowd":0,"attributes":{"occluded":false,"rotation":0.0}},{"id":103,"image_id":101,"category_id":1,"segmentation":[],"area":65935.71970000002,"bbox":[256.91,412.96,315.89,208.73],"iscrowd":0,"attributes":{"occluded":false,"rotation":0.0}},{"id":104,"image_id":102,"category_id":1,"segmentation":[],"area":38329.099200000055,"bbox":[315.84,525.05,602.28,63.64],"iscrowd":0,"attributes":{"occluded":false,"rotation":0.0}},{"id":105,"image_id":103,"category_id":1,"segmentation":[],"area":168208.23679999998,"bbox":[460.81,162.03,328.84,511.52],"iscrowd":0,"attributes":{"occluded":false,"rotation":0.0}},{"id":106,"image_id":104,"category_id":1,"segmentation":[],"area":168036.28340000001,"bbox":[461.99,159.67,330.02,509.17],"iscrowd":0,"attributes":{"occluded":false,"rotation":0.0}},{"id":107,"image_id":105,"category_id":1,"segmentation":[],"area":184387.14190000002,"bbox":[427.81,245.71,472.63,390.13],"iscrowd":0,"attributes":{"occluded":false,"rotation":0.0}},{"id":108,"image_id":106,"category_id":1,"segmentation":[],"area":104547.56129999999,"bbox":[485.56,255.14,392.49,266.37],"iscrowd":0,"attributes":{"occluded":false,"rotation":0.0}},{"id":109,"image_id":107,"category_id":1,"segmentation":[],"area":139478.96199999997,"bbox":[490.28,86.59,253.4,550.43],"iscrowd":0,"attributes":{"occluded":false,"rotation":0.0}},{"id":110,"image_id":108,"category_id":1,"segmentation":[],"area":124009.5216,"bbox":[490.28,298.75,321.76,385.41],"iscrowd":0,"attributes":{"occluded":false,"rotation":0.0}},{"id":111,"image_id":109,"category_id":1,"segmentation":[],"area":74054.8757,"bbox":[352.38,131.4,231.01,320.57],"iscrowd":0,"attributes":{"occluded":false,"rotation":0.0}},{"id":112,"image_id":110,"category_id":1,"segmentation":[],"area":132464.625,"bbox":[502.06,257.5,286.41,462.5],"iscrowd":0,"attributes":{"occluded":false,"rotation":0.0}},{"id":113,"image_id":111,"category_id":1,"segmentation":[],"area":247103.09159999996,"bbox":[193.26,97.2,431.38,572.82],"iscrowd":0,"attributes":{"occluded":false,"rotation":0.0}},{"id":114,"image_id":112,"category_id":1,"segmentation":[],"area":35958.456999999995,"bbox":[311.12,364.75,213.34,168.55],"iscrowd":0,"attributes":{"occluded":false,"rotation":0.0}},{"id":115,"image_id":113,"category_id":1,"segmentation":[],"area":51797.093000000015,"bbox":[711.86,248.07,186.22,278.15],"iscrowd":0,"attributes":{"occluded":false,"rotation":0.0}},{"id":116,"image_id":114,"category_id":1,"segmentation":[],"area":364045.89580000006,"bbox":[387.73,288.14,843.91,431.38],"iscrowd":0,"attributes":{"occluded":false,"rotation":0.0}},{"id":117,"image_id":115,"category_id":1,"segmentation":[],"area":122798.77540000001,"bbox":[524.46,316.43,363.02,338.27],"iscrowd":0,"attributes":{"occluded":false,"rotation":0.0}},{"id":118,"image_id":116,"category_id":1,"segmentation":[],"area":243790.8183,"bbox":[424.27,195.03,464.39,524.97],"iscrowd":0,"attributes":{"occluded":false,"rotation":0.0}},{"id":119,"image_id":117,"category_id":1,"segmentation":[],"area":133929.7191,"bbox":[484.38,191.49,253.41,528.51],"iscrowd":0,"attributes":{"occluded":false,"rotation":0.0}},{"id":120,"image_id":118,"category_id":1,"segmentation":[],"area":236598.53699999995,"bbox":[499.71,80.7,370.09,639.3],"iscrowd":0,"attributes":{"occluded":false,"rotation":0.0}},{"id":121,"image_id":119,"category_id":1,"segmentation":[],"area":73399.11880000001,"bbox":[364.16,87.77,240.44,305.27],"iscrowd":0,"attributes":{"occluded":false,"rotation":0.0}},{"id":122,"image_id":120,"category_id":1,"segmentation":[],"area":88890.7096,"bbox":[486.74,80.7,272.27,326.48],"iscrowd":0,"attributes":{"occluded":false,"rotation":0.0}},{"id":123,"image_id":121,"category_id":1,"segmentation":[],"area":110319.822,"bbox":[467.88,68.91,302.91,364.2],"iscrowd":0,"attributes":{"occluded":false,"rotation":0.0}},{"id":124,"image_id":122,"category_id":1,"segmentation":[],"area":17002.714600000003,"bbox":[661.18,99.56,120.22,141.43],"iscrowd":0,"attributes":{"occluded":false,"rotation":0.0}},{"id":125,"image_id":123,"category_id":1,"segmentation":[],"area":31448.422599999998,"bbox":[590.46,120.77,181.51,173.26],"iscrowd":0,"attributes":{"occluded":false,"rotation":0.0}},{"id":126,"image_id":124,"category_id":1,"segmentation":[],"area":67568.21400000002,"bbox":[454.92,105.45,377.16,179.15],"iscrowd":0,"attributes":{"occluded":false,"rotation":0.0}},{"id":127,"image_id":125,"category_id":1,"segmentation":[],"area":271038.601,"bbox":[465.52,178.53,502.1,539.81],"iscrowd":0,"attributes":{"occluded":false,"rotation":0.0}},{"id":128,"image_id":126,"category_id":1,"segmentation":[],"area":154340.9821,"bbox":[457.27,158.49,324.13,476.17],"iscrowd":0,"attributes":{"occluded":false,"rotation":0.0}},{"id":129,"image_id":127,"category_id":1,"segmentation":[],"area":186002.14159999997,"bbox":[479.67,106.63,359.48,517.42],"iscrowd":0,"attributes":{"occluded":false,"rotation":0.0}},{"id":130,"image_id":128,"category_id":1,"segmentation":[],"area":105802.16400000002,"bbox":[406.59,281.07,397.2,266.37],"iscrowd":0,"attributes":{"occluded":false,"rotation":0.0}},{"id":131,"image_id":129,"category_id":1,"segmentation":[],"area":25902.791200000014,"bbox":[669.43,189.13,133.19,194.48],"iscrowd":0,"attributes":{"occluded":false,"rotation":0.0}},{"id":132,"image_id":130,"category_id":1,"segmentation":[],"area":100120.39740000002,"bbox":[524.46,154.95,214.51,466.74],"iscrowd":0,"attributes":{"occluded":false,"rotation":0.0}},{"id":133,"image_id":131,"category_id":1,"segmentation":[],"area":20617.12889999999,"bbox":[675.32,192.67,114.33,180.33],"iscrowd":0,"attributes":{"occluded":false,"rotation":0.0}},{"id":134,"image_id":132,"category_id":1,"segmentation":[],"area":169524.52450000003,"bbox":[469.06,160.85,321.77,526.85],"iscrowd":0,"attributes":{"occluded":false,"rotation":0.0}},{"id":135,"image_id":133,"category_id":1,"segmentation":[],"area":168388.6764,"bbox":[470.24,164.38,321.77,523.32],"iscrowd":0,"attributes":{"occluded":false,"rotation":0.0}},{"id":136,"image_id":134,"category_id":1,"segmentation":[],"area":169763.09920000003,"bbox":[469.06,163.2,322.94,525.68],"iscrowd":0,"attributes":{"occluded":false,"rotation":0.0}},{"id":137,"image_id":135,"category_id":1,"segmentation":[],"area":177772.2232,"bbox":[465.52,160.85,335.92,529.21],"iscrowd":0,"attributes":{"occluded":false,"rotation":0.0}},{"id":138,"image_id":136,"category_id":1,"segmentation":[],"area":178165.24960000004,"bbox":[465.52,160.85,335.92,530.38],"iscrowd":0,"attributes":{"occluded":false,"rotation":0.0}},{"id":139,"image_id":137,"category_id":1,"segmentation":[],"area":176287.70440000002,"bbox":[466.7,162.03,332.38,530.38],"iscrowd":0,"attributes":{"occluded":false,"rotation":0.0}},{"id":140,"image_id":138,"category_id":1,"segmentation":[],"area":177142.46330000003,"bbox":[464.35,159.67,334.73,529.21],"iscrowd":0,"attributes":{"occluded":false,"rotation":0.0}},{"id":141,"image_id":139,"category_id":1,"segmentation":[],"area":176352.50050000002,"bbox":[464.35,162.03,334.73,526.85],"iscrowd":0,"attributes":{"occluded":false,"rotation":0.0}},{"id":142,"image_id":140,"category_id":1,"segmentation":[],"area":176749.41480000003,"bbox":[466.7,162.62,334.74,528.02],"iscrowd":0,"attributes":{"occluded":false,"rotation":0.0}},{"id":143,"image_id":141,"category_id":1,"segmentation":[],"area":176523.2876,"bbox":[465.52,160.85,333.56,529.21],"iscrowd":0,"attributes":{"occluded":false,"rotation":0.0}},{"id":144,"image_id":142,"category_id":1,"segmentation":[],"area":176913.5528,"bbox":[466.7,162.03,333.56,530.38],"iscrowd":0,"attributes":{"occluded":false,"rotation":0.0}},{"id":145,"image_id":143,"category_id":1,"segmentation":[],"area":120212.42719999999,"bbox":[463.17,274.0,273.44,439.63],"iscrowd":0,"attributes":{"occluded":false,"rotation":0.0}},{"id":146,"image_id":144,"category_id":1,"segmentation":[],"area":64182.289600000004,"bbox":[641.14,165.56,194.48,330.02],"iscrowd":0,"attributes":{"occluded":false,"rotation":0.0}},{"id":147,"image_id":145,"category_id":1,"segmentation":[],"area":58677.43310000001,"bbox":[689.47,149.06,194.47,301.73],"iscrowd":0,"attributes":{"occluded":false,"rotation":0.0}},{"id":148,"image_id":146,"category_id":1,"segmentation":[],"area":43508.74740000004,"bbox":[663.54,40.63,102.54,424.31],"iscrowd":0,"attributes":{"occluded":false,"rotation":0.0}},{"id":149,"image_id":147,"category_id":1,"segmentation":[],"area":160632.85920000004,"bbox":[491.45,77.16,249.88,642.84],"iscrowd":0,"attributes":{"occluded":false,"rotation":0.0}},{"id":150,"image_id":148,"category_id":1,"segmentation":[],"area":193272.5305,"bbox":[405.41,209.17,378.35,510.83],"iscrowd":0,"attributes":{"occluded":false,"rotation":0.0}},{"id":151,"image_id":149,"category_id":1,"segmentation":[],"area":104789.40999999999,"bbox":[485.56,290.5,243.98,429.5],"iscrowd":0,"attributes":{"occluded":false,"rotation":0.0}},{"id":152,"image_id":150,"category_id":1,"segmentation":[],"area":127852.43000000002,"bbox":[423.09,315.25,315.88,404.75],"iscrowd":0,"attributes":{"occluded":false,"rotation":0.0}},{"id":153,"image_id":151,"category_id":1,"segmentation":[],"area":74955.7925,"bbox":[553.92,265.75,165.01,454.25],"iscrowd":0,"attributes":{"occluded":false,"rotation":0.0}},{"id":154,"image_id":152,"category_id":1,"segmentation":[],"area":15893.10989999999,"bbox":[639.96,223.31,61.29,259.31],"iscrowd":0,"attributes":{"occluded":false,"rotation":0.0}},{"id":155,"image_id":153,"category_id":1,"segmentation":[],"area":43809.8236,"bbox":[662.36,232.74,169.72,258.13],"iscrowd":0,"attributes":{"occluded":false,"rotation":0.0}},{"id":156,"image_id":154,"category_id":1,"segmentation":[],"area":109793.88700000002,"bbox":[510.31,286.7,253.39,433.3],"iscrowd":0,"attributes":{"occluded":false,"rotation":0.0}},{"id":157,"image_id":155,"category_id":1,"segmentation":[],"area":96479.9433,"bbox":[169.69,403.65,676.53,142.61],"iscrowd":0,"attributes":{"occluded":false,"rotation":0.0}},{"id":158,"image_id":156,"category_id":1,"segmentation":[],"area":246342.52559999996,"bbox":[454.92,156.72,635.28,387.77],"iscrowd":0,"attributes":{"occluded":false,"rotation":0.0}},{"id":159,"image_id":157,"category_id":1,"segmentation":[],"area":102356.06850000001,"bbox":[342.95,261.03,706.05,144.97],"iscrowd":0,"attributes":{"occluded":false,"rotation":0.0}},{"id":160,"image_id":158,"category_id":1,"segmentation":[],"area":84463.64159999996,"bbox":[716.57,272.82,354.77,238.08],"iscrowd":0,"attributes":{"occluded":false,"rotation":0.0}},{"id":161,"image_id":159,"category_id":1,"segmentation":[],"area":105620.15040000003,"bbox":[84.83,228.03,339.44,311.16],"iscrowd":0,"attributes":{"occluded":false,"rotation":0.0}},{"id":162,"image_id":160,"category_id":1,"segmentation":[],"area":364612.4544,"bbox":[454.92,79.52,569.28,640.48],"iscrowd":0,"attributes":{"occluded":false,"rotation":0.0}},{"id":163,"image_id":161,"category_id":1,"segmentation":[],"area":205492.2596,"bbox":[486.74,112.52,338.27,607.48],"iscrowd":0,"attributes":{"occluded":false,"rotation":0.0}},{"id":164,"image_id":162,"category_id":1,"segmentation":[],"area":61498.40279999998,"bbox":[460.81,127.85,111.97,549.24],"iscrowd":0,"attributes":{"occluded":false,"rotation":0.0}},{"id":165,"image_id":163,"category_id":1,"segmentation":[],"area":289358.10140000004,"bbox":[307.59,149.06,506.81,570.94],"iscrowd":0,"attributes":{"occluded":false,"rotation":0.0}},{"id":166,"image_id":164,"category_id":1,"segmentation":[],"area":118564.42100000005,"bbox":[543.31,106.63,193.3,613.37],"iscrowd":0,"attributes":{"occluded":false,"rotation":0.0}},{"id":167,"image_id":165,"category_id":1,"segmentation":[],"area":206837.528,"bbox":[383.02,218.6,412.52,501.4],"iscrowd":0,"attributes":{"occluded":false,"rotation":0.0}},{"id":168,"image_id":166,"category_id":1,"segmentation":[],"area":43135.66400000001,"bbox":[685.93,226.85,176.8,243.98],"iscrowd":0,"attributes":{"occluded":false,"rotation":0.0}},{"id":169,"image_id":167,"category_id":1,"segmentation":[],"area":209577.16480000003,"bbox":[339.41,198.56,401.92,521.44],"iscrowd":0,"attributes":{"occluded":false,"rotation":0.0}},{"id":170,"image_id":168,"category_id":1,"segmentation":[],"area":69523.1474,"bbox":[681.22,183.24,216.86,320.59],"iscrowd":0,"attributes":{"occluded":false,"rotation":0.0}},{"id":171,"image_id":169,"category_id":1,"segmentation":[],"area":41564.75279999999,"bbox":[472.6,436.65,207.44,200.37],"iscrowd":0,"attributes":{"occluded":false,"rotation":0.0}},{"id":172,"image_id":170,"category_id":1,"segmentation":[],"area":90570.25950000001,"bbox":[385.38,490.87,471.45,192.11],"iscrowd":0,"attributes":{"occluded":false,"rotation":0.0}},{"id":173,"image_id":171,"category_id":1,"segmentation":[],"area":14157.385099999996,"bbox":[549.21,414.84,63.89,221.59],"iscrowd":0,"attributes":{"occluded":false,"rotation":0.0}},{"id":174,"image_id":172,"category_id":1,"segmentation":[],"area":15309.221999999982,"bbox":[551.57,414.25,68.36,223.95],"iscrowd":0,"attributes":{"occluded":false,"rotation":0.0}},{"id":175,"image_id":173,"category_id":1,"segmentation":[],"area":186503.499,"bbox":[406.59,136.1,319.41,583.9],"iscrowd":0,"attributes":{"occluded":false,"rotation":0.0}},{"id":176,"image_id":174,"category_id":1,"segmentation":[],"area":132392.05980000002,"bbox":[494.99,92.49,210.98,627.51],"iscrowd":0,"attributes":{"occluded":false,"rotation":0.0}},{"id":177,"image_id":175,"category_id":1,"segmentation":[],"area":118779.61439999998,"bbox":[525.64,84.24,201.54,589.36],"iscrowd":0,"attributes":{"occluded":false,"rotation":0.0}},{"id":178,"image_id":176,"category_id":1,"segmentation":[],"area":204058.60679999992,"bbox":[883.94,112.52,335.91,607.48],"iscrowd":0,"attributes":{"occluded":false,"rotation":0.0}}]}